-- Tabelle `users` erstellen
CREATE TABLE users (
    user_id INT PRIMARY KEY,
    registration_date DATE
);

-- Tabelle `sessions` erstellen
CREATE TABLE sessions (
    session_id INT PRIMARY KEY,
    user_id INT,
    content_id VARCHAR(10),
    session_start DATETIME,
    session_end DATETIME,
    FOREIGN KEY (user_id) REFERENCES users(user_id)
);

-- Tabelle `subscriptions` erstellen
CREATE TABLE subscriptions (
    subscription_id INT PRIMARY KEY,
    user_id INT,
    subscription_start DATE,
    subscription_end DATE,
    FOREIGN KEY (user_id) REFERENCES users(user_id)
);

-- Beispiel-Daten für die Tabelle `users`
INSERT INTO users (user_id, registration_date) VALUES 
(1, '2023-01-01'),
(2, '2023-02-15'),
(3, '2023-03-10'),
(4, '2023-04-05'),
(5, '2023-04-15'),
(6, '2023-05-20'),
(7, '2023-06-15'),
(8, '2023-07-01'),
(9, '2023-07-25'),
(10, '2023-08-05'),
(11, '2023-08-10'),
(12, '2023-08-20'),
(13, '2023-09-05'),
(14, '2023-09-15'),
(15, '2023-09-20'),
(16, '2023-10-01'),
(17, '2023-10-03'),
(18, '2023-10-04'),
(19, '2023-10-05'),
(20, '2023-10-06');

-- Beispiel-Daten für die Tabelle `sessions`
INSERT INTO sessions (session_id, user_id, content_id, session_start, session_end) VALUES 
(1, 1, 'A1', '2023-08-01 08:00:00', '2023-08-01 08:45:00'),
(2, 2, 'A2', '2023-08-05 09:00:00', '2023-08-05 09:30:00'),
(3, 3, 'A3', '2023-08-10 10:00:00', '2023-08-10 10:45:00'),
(4, 4, 'A4', '2023-08-15 11:00:00', '2023-08-15 12:00:00'),
(5, 5, 'A1', '2023-08-20 12:30:00', '2023-08-20 13:30:00'),
(6, 6, 'A2', '2023-09-05 13:45:00', '2023-09-05 14:15:00'),
(7, 7, 'A5', '2023-09-15 14:30:00', '2023-09-15 15:30:00'),
(8, 8, 'A3', '2023-09-20 16:00:00', '2023-09-20 17:00:00'),
(9, 9, 'A1', '2023-09-25 17:30:00', '2023-09-25 18:30:00'),
(10, 10, 'A4', '2023-10-01 19:00:00', '2023-10-01 20:00:00'),
(11, 11, 'A5', '2023-10-02 10:00:00', '2023-10-02 11:00:00'),
(12, 12, 'A2', '2023-10-03 11:30:00', '2023-10-03 12:30:00'),
(13, 13, 'A1', '2023-10-04 13:00:00', '2023-10-04 14:00:00'),
(14, 14, 'A3', '2023-10-05 14:30:00', '2023-10-05 15:30:00'),
(15, 15, 'A4', '2023-10-06 16:00:00', '2023-10-06 17:00:00'),
(16, 16, 'A5', '2023-10-07 18:00:00', '2023-10-07 19:00:00'),
(17, 17, 'A1', '2023-10-08 10:00:00', '2023-10-08 11:00:00'),
(18, 18, 'A2', '2023-10-09 11:30:00', '2023-10-09 12:30:00'),
(19, 19, 'A3', '2023-10-10 13:00:00', '2023-10-10 14:00:00'),
(20, 20, 'A4', '2023-10-11 15:00:00', '2023-10-11 16:00:00');

-- Beispiel-Daten für die Tabelle `subscriptions`
INSERT INTO subscriptions (subscription_id, user_id, subscription_start, subscription_end) VALUES 
(1, 1, '2023-01-10', '2023-07-01'),
(2, 2, '2023-02-20', '2023-08-15'),
(3, 3, '2023-03-15', NULL),
(4, 4, '2023-04-10', '2023-08-05'),
(5, 5, '2023-05-01', NULL),
(6, 6, '2023-06-01', '2023-09-20'),
(7, 7, '2023-07-01', NULL),
(8, 8, '2023-09-16', '2023-10-01'),
(9, 9, '2023-10-05', NULL);
